Algorithm,test_rmse,fit_time,test_time
SVD,1.2231650639698064,4.76167098681132,0.4325956503550212
SVDpp,1.2251475209493057,27.876123666763306,1.717174768447876
KNNBasic,1.2795954837553567,59.79459945360819,3.0599342981974282
SlopeOne,1.3148321363941657,7.274537722269694,1.2467182477315266
NormalPredictor,1.5685056786666214,0.12453532218933105,0.30531994501749676
