Algorithm,test_rmse,fit_time,test_time
SVD,1.223165064,4.761670987,0.43259565
SVDpp,1.225147521,27.87612367,1.717174768
KNNBasic,1.279595484,59.79459945,3.059934298
SlopeOne,1.314832136,7.274537722,1.246718248
NormalPredictor,1.568505679,0.124535322,0.305319945